VARIANT,avg_projected_total,avg_total_std,mean_model_edge_vs_market
T_Fix_LateFoul_OT,182.7265028874008,17.72736831841584,35.644002887400795
T_Fix_TTail,182.6038638525879,19.152975186153398,35.521363852587896
T_Fix_LateFoul,181.63710368128602,17.15917776203332,34.554603681286025
T_Fix_Baseline,179.0029824163587,11.403646166262707,31.92048241635868
T_Fix_CalibratedSigma,178.9523678407553,15.800343810420035,31.869867840755305
T_Fix_Correlated,178.85678676681428,17.13712659461831,31.774286766814264
T_Fix_MarketBlend,164.89129047915267,17.62157739299827,17.808790479152663
