VARIANT,avg_projected_total,avg_total_std,mean_model_edge_vs_market
T_Fix_LateFoul_OT,184.15909349300483,18.039774594144802,43.79909349300482
T_Fix_TTail,183.81934787251765,19.527704143447977,43.45934787251764
T_Fix_LateFoul,182.56408304702535,17.461563319900215,42.20408304702535
T_Fix_Baseline,178.6909747583635,11.519319178582318,38.33097475836347
T_Fix_Correlated,178.6144629384973,17.311455864121303,38.25446293849727
T_Fix_CalibratedSigma,178.60262897742857,15.827009361245143,38.24262897742855
T_Fix_MarketBlend,162.10163935676363,17.692086093397116,21.741639356763613
