VARIANT,games,projected_over_picks,projected_under_picks,avg_projected_total,avg_model_edge_vs_market
T_Fix_TTail,4,4,0,174.74919011014873,27.166690110148735
T_Fix_LateFoul_OT,4,4,0,174.49434967072364,26.91184967072362
T_Fix_LateFoul,4,4,0,173.70701362742844,26.124513627428428
T_Fix_Baseline,4,4,0,171.90700332381414,24.324503323814127
T_Fix_CalibratedSigma,4,4,0,171.82578106042084,24.24328106042084
T_Fix_Correlated,4,4,0,171.80403667071562,24.221536670715608
T_Fix_MarketBlend,4,4,0,161.17667586888936,13.594175868889359
