VARIANT,avg_projected_total,avg_total_std,mean_model_edge_vs_market
T_Fix_TTail,175.12377311483814,21.417887483019406,28.76377311483813
T_Fix_LateFoul_OT,175.08899672276584,19.388260320250268,28.728996722765828
T_Fix_LateFoul,174.56684099114105,19.06462585262036,28.206840991141036
T_Fix_Correlated,173.6088856219526,18.8530249378791,27.248885621952596
T_Fix_Baseline,173.52178380497583,11.3408411294851,27.161783804975826
T_Fix_CalibratedSigma,173.5079808879986,18.024050859422154,27.147980887998585
T_Fix_MarketBlend,160.55935409924092,19.36719856373765,14.19935409924092
