VARIANT,games,projected_over_picks,projected_under_picks,avg_projected_total,avg_model_edge_vs_market
T_Fix_LateFoul_OT,4,4,0,182.7265028874008,35.644002887400795
T_Fix_TTail,4,4,0,182.6038638525879,35.521363852587896
T_Fix_LateFoul,4,4,0,181.63710368128602,34.554603681286025
T_Fix_Baseline,4,4,0,179.0029824163587,31.92048241635868
T_Fix_CalibratedSigma,4,4,0,178.9523678407553,31.869867840755305
T_Fix_Correlated,4,4,0,178.85678676681428,31.774286766814264
T_Fix_MarketBlend,4,4,0,164.89129047915267,17.808790479152663
