VARIANT,games,projected_over_picks,projected_under_picks,avg_projected_total,avg_model_edge_vs_market
T_Fix_LateFoul_OT,2,2,0,184.15909349300483,43.79909349300482
T_Fix_TTail,2,2,0,183.81934787251765,43.45934787251764
T_Fix_LateFoul,2,2,0,182.56408304702535,42.20408304702535
T_Fix_Baseline,2,2,0,178.6909747583635,38.33097475836347
T_Fix_Correlated,2,2,0,178.6144629384973,38.25446293849727
T_Fix_CalibratedSigma,2,2,0,178.60262897742857,38.24262897742855
T_Fix_MarketBlend,2,2,0,162.10163935676363,21.741639356763613
