VARIANT,games,projected_over_picks,projected_under_picks,avg_projected_total,avg_model_edge_vs_market
T_Fix_LateFoul_OT,4,4,0,174.85600913886353,28.771009138863533
T_Fix_TTail,4,4,0,174.67820064930874,28.59320064930875
T_Fix_LateFoul,4,4,0,174.0622770904665,27.977277090466487
T_Fix_Baseline,4,4,0,173.28382765042113,27.198827650421137
T_Fix_Correlated,4,4,0,173.2343636051201,27.149363605120122
T_Fix_CalibratedSigma,4,4,0,173.20923672261904,27.124236722619045
T_Fix_MarketBlend,4,4,0,160.4331016974616,14.348101697461594
