HOME,AWAY,SPREAD_RAW,TOTAL_RAW,SPREAD_PROJ,TOTAL_PROJ,HOME_WIN_PROB
Baylor,Oklahoma,-0.83919134365493,173.21275917076804,5.0,139.5,0.29
Creighton,West Virginia,-7.810601192010486,158.3575295115207,-2.0,124.6,0.589
Connecticut,Illinois,2.899093216634135,185.32293158769232,8.7,151.6,0.173
Arizona,Michigan,-5.333207995849752,208.32767795599716,0.5,174.6,0.479
