HOME,AWAY,SPREAD_RAW,TOTAL_RAW,SPREAD_PROJ,TOTAL_PROJ,HOME_WIN_PROB
Illinois,Iowa,-10.03575472181564,179.70455307872174,-12.3,138.7,0.902
Arizona,Purdue,2.3577365449808667,194.99649166666666,0.1,154.0,0.496
