HOME,AWAY,SPREAD_RAW,TOTAL_RAW,SPREAD_PROJ,TOTAL_PROJ,HOME_WIN_PROB
Purdue,Texas,-10.647072687295937,179.50290461538452,-14.5,140.4,0.931
Nebraska,Iowa,3.470559593681356,174.18304399071923,-0.4,135.1,0.517
Arizona,Arkansas,0.49362372498287743,199.99512621843968,-3.4,160.9,0.647
Houston,Illinois,2.6371271525553333,187.05169645236253,-1.2,148.0,0.554
