HOME,AWAY,SPREAD_RAW,TOTAL_RAW,SPREAD_PROJ,TOTAL_PROJ,HOME_WIN_PROB
Duke,St. John's,-10.730450076844205,192.3451869645495,-10.8,148.1,0.875
Michigan,Alabama,1.158606282241163,206.19574326162387,1.1,161.9,0.452
Connecticut,Michigan St.,-4.846464186475519,181.4330251031322,-4.9,137.1,0.709
Iowa St.,Tennessee,-6.168080171786246,185.51020915924522,-6.3,141.2,0.755
