Home,Away,Spread,Model Spread,Spread Edge,Total,Model Total,Total Edge
Lehigh,Prairie View A&M,-3.5,-3.2,0.2999999999999998,141.0,131.9,-9.099999999999994
Bradley,Dayton,2.0,-7.8,-9.8,141.5,151.3,9.800000000000011
New Mexico,Sam Houston St.,-12.0,-5.1,6.9,164.5,163.3,-1.1999999999999886
Nevada,Murray St.,-8.5,-0.2,8.3,161.0,155.3,-5.699999999999989
Colorado St.,Saint Joseph's,-6.5,-14.8,-8.3,145.0,148.9,3.9000000000000057
