Home,Away,Spread,Model Spread,Spread Edge,Total,Model Total,Total Edge
Texas Tech,Akron,-7.5,-13.8,-6.300000000000001,156.0,154.3,-1.6999999999999886
Iowa St.,Tennessee St.,-24.5,-16.1,8.399999999999999,148.0,146.5,-1.5
Alabama,Hofstra,-11.5,-21.3,-9.8,158.5,152.4,-6.099999999999994
Villanova,Utah St.,1.5,-6.3,-7.8,147.0,149.3,2.3000000000000114
St. John's,Northern Iowa,-9.5,-16.6,-7.100000000000001,131.5,145.9,14.400000000000006
Kansas,Cal Baptist,-14.0,-14.4,-0.40000000000000036,138.0,144.1,6.099999999999994
Miami FL,Missouri,-2.0,-9.4,-7.4,147.0,149.3,2.3000000000000114
