Home,Away,Spread,Model Spread,Spread Edge,Total,Model Total,Total Edge
Howard,North Carolina Central,-6.5,8.3,14.8,135.5,108.6,-26.900000000000006
Michigan,Wisconsin,-8.0,2.5,10.5,151.5,176.8,25.30000000000001
South Florida,Charlotte,-15.0,2.5,17.5,153.5,135.1,-18.400000000000006
UCLA,Purdue,7.5,6.3,-1.2000000000000002,144.0,156.0,12.0
Wichita St.,Tulsa,1.5,9.3,7.800000000000001,152.0,140.5,-11.5
Utah St.,San Diego St.,-2.5,-10.6,-8.1,145.5,153.2,7.699999999999989
