Home,Away,Spread,Model Spread,Spread Edge,Total,Model Total,Total Edge
Michigan,Saint Louis,-12.0,-12.4,-0.40000000000000036,161.5,167.5,6.0
Houston,Texas A&M,-10.5,-6.8,3.7,143.0,154.3,11.300000000000011
UNC Wilmington,Dayton,2.5,-7.1,-9.6,138.5,126.8,-11.700000000000003
Nebraska,Vanderbilt,1.5,4.4,2.9000000000000004,146.5,156.2,9.699999999999989
