Home,Away,Spread,Model Spread,Spread Edge,Total,Model Total,Total Edge
Purdue,Miami FL,-7.5,-13.0,-5.5,147.0,156.0,9.0
Auburn,Seattle,-13.5,-21.4,-7.899999999999999,146.5,139.8,-6.699999999999989
Florida,Iowa,-10.5,-4.4,6.1,145.5,159.1,13.599999999999994
Arizona,Utah St.,-12.0,-2.8,9.2,154.5,166.1,11.599999999999994
Alabama,Texas Tech,1.5,-4.5,-6.0,164.5,166.2,1.6999999999999886
