Home,Away,Spread,Model Spread,Spread Edge,Total,Model Total,Total Edge
Texas Tech,Akron,-7.5,-13.9,-6.4,156.0,154.2,-1.8000000000000114
Iowa St.,Tennessee St.,-24.5,-16.2,8.3,148.0,146.5,-1.5
Alabama,Hofstra,-11.5,-21.5,-10.0,158.5,152.3,-6.199999999999989
Villanova,Utah St.,1.5,-6.4,-7.9,147.0,149.2,2.1999999999999886
St. John's,Northern Iowa,-9.5,-16.8,-7.300000000000001,131.5,145.8,14.300000000000011
Kansas,Cal Baptist,-14.0,-14.5,-0.5,138.0,144.1,6.099999999999994
Miami FL,Missouri,-2.0,-9.5,-7.5,147.0,149.2,2.1999999999999886
